,SNO,State,District,No. of Applications Received,No. of Applications Not Verified,No. of Applications Verified,No. of Applications Approved,No. of Applications Approved having Aadhar No.,No. of Applications Rejected,No. of Applications Pullback,No. of Applications Closed,No. of Constructed Toilet Photo Uploaded,No. of Constructed Toilet Photo Approved,No. of Commenced Toilet Photo ,No. of Constructed Toilet Photo through Swachhalaya
0,1,Andaman & Nicobar Islands,South Andaman,169,162,4,0,0,0,0,3,3,0,0,61
1,1,Andhra Pradesh,Anantapur,52526,4119,21058,21058,21040,0,3,27346,21073,0,3,9
2,2,Andhra Pradesh,Chittoor,17118,279,6954,6954,6945,0,2,9883,6965,0,4,7
3,3,Andhra Pradesh,East Godavari,24691,597,13989,13989,13972,0,2,10103,13999,0,3,11
4,4,Andhra Pradesh,Guntur,45788,1633,25198,25198,25182,0,4,18953,25211,0,7,8
5,5,Andhra Pradesh,Krishna,24535,414,14281,14281,14264,0,2,9838,14288,0,2,9
6,6,Andhra Pradesh,Kurnool,43836,315,22262,22262,22246,0,5,21254,22277,0,0,10
7,7,Andhra Pradesh,Nellore,34365,5258,19678,19672,19647,0,4,9425,19685,0,8,2
8,8,Andhra Pradesh,Prakasam,31048,454,14969,14969,14954,0,2,15623,14975,0,5,19
9,9,Andhra Pradesh,Srikakulam,17708,542,8493,8493,8490,0,6,8667,8505,0,2,6
10,10,Andhra Pradesh,Visakhapatnam,34864,298,16642,16642,16622,0,6,17918,16656,0,48,12
11,11,Andhra Pradesh,Vizianagaram,23176,662,9966,9966,9960,0,4,12544,9971,0,1,2
12,12,Andhra Pradesh,West Godavari,14969,139,7282,7282,7279,0,1,7547,7288,0,6,4
13,13,Andhra Pradesh,Y.S.R.,24167,1485,11742,11742,11733,0,7,10933,12062,0,2,6
14,1,Arunachal Pradesh,Anjaw,0,0,0,0,0,0,0,0,0,0,0,0
15,2,Arunachal Pradesh,Changlang,134,1,132,132,132,1,0,0,132,132,1,0
16,3,Arunachal Pradesh,Dibang Valley,0,0,0,0,0,0,0,0,0,0,0,0
17,4,Arunachal Pradesh,East Kameng,559,404,152,151,151,3,0,0,554,0,0,0
18,5,Arunachal Pradesh,East Siang,86,0,85,72,72,0,0,1,83,71,0,0
19,6,Arunachal Pradesh,Karung Kumey,242,0,241,5,5,1,0,0,235,1,0,0
20,7,Arunachal Pradesh,Kra Dadi,166,0,166,118,118,0,0,0,166,24,0,0
21,8,Arunachal Pradesh,Lohit,388,44,334,325,325,8,2,0,325,276,39,1
22,9,Arunachal Pradesh,Lower Dibang Valley,684,9,653,526,405,21,0,1,525,402,1,0
23,10,Arunachal Pradesh,Lower Subansari,308,300,8,0,0,0,0,0,249,0,0,0
24,11,Arunachal Pradesh,Papum Pare,619,0,600,600,595,19,0,0,600,1,1,0
25,12,Arunachal Pradesh,Siang,0,0,0,0,0,0,0,0,0,0,0,0
26,13,Arunachal Pradesh,Tawang,104,12,92,92,91,0,0,0,92,92,0,0
27,14,Arunachal Pradesh,Tirap,398,242,154,54,54,2,0,0,398,54,0,0
28,15,Arunachal Pradesh,Upper Siang,209,1,207,207,207,1,0,0,208,0,0,0
29,16,Arunachal Pradesh,Upper Subansari,198,86,111,111,111,0,1,0,197,111,0,0
30,17,Arunachal Pradesh,West Kameng,15,15,0,0,0,0,0,0,14,0,0,0
31,18,Arunachal Pradesh,West Siang,210,0,210,0,0,0,0,0,206,0,0,0
32,1,Assam,Baksa,1558,1358,197,196,0,1,2,0,89,0,3,0
33,2,Assam,Barpeta Road,27316,24134,3082,2703,5,36,42,22,3719,0,342,22
34,3,Assam,Bongaigaon,2129,914,1187,734,0,16,1,11,964,0,3,1
35,4,Assam,Cachar,5292,2652,2584,2233,3,48,3,5,2855,0,28,1
36,5,Assam,Chairang,987,66,838,263,0,54,4,25,668,0,3,1
37,6,Assam,Darrang,2248,1763,436,284,0,13,2,34,1055,56,105,0
38,7,Assam,Dhemaji,4367,2687,1615,270,0,56,4,5,2243,0,58,3
39,8,Assam,Dhubri,17412,9696,6847,5060,3,33,12,824,5711,0,147,4
40,9,Assam,Dibrugarh,3249,1582,1581,826,0,82,1,3,507,0,11,0
41,10,Assam,Dima Hassao,4374,1887,1707,934,0,75,0,705,1086,68,432,1
42,11,Assam,Goalpara,4890,2897,1946,311,0,1,3,43,2902,0,0,4
43,12,Assam,Golaghat,66621,42433,1862,891,82,6219,1,16106,1483,145,39,0
44,13,Assam,Hailakandi,2578,1470,1053,570,13,27,8,20,1252,4,47,10
45,14,Assam,Jorhat,6705,4261,1935,762,0,12,4,493,889,0,25,2
46,15,Assam,Kamrup,1426,309,842,831,0,216,4,55,785,1,2,3
47,16,Assam,Kamrup Metropolitian,11973,3377,8581,7074,1,9,4,2,2495,0,85,27
48,17,Assam,Karbi Anlong,73684,29260,3509,2562,0,8736,11,32168,2588,0,125,14
49,18,Assam,Karimganj,1217,668,480,468,0,12,3,54,524,0,3,1
50,19,Assam,Kokrajhar,552,79,437,435,0,23,1,12,473,0,0,0
51,20,Assam,Majuli,0,0,0,0,0,0,0,0,0,0,0,0
52,21,Assam,Marigaon,4961,1107,1111,0,0,2,6,2735,1020,0,33,9
53,22,Assam,Nagaon,60914,17661,6697,5513,1040,3281,28,33247,5604,1353,45,14
54,23,Assam,Nalbari,1509,1113,271,117,0,0,0,125,1228,0,2,0
55,24,Assam,North Lakhimpur,4894,3401,1458,995,1,12,4,19,1858,1,128,7
56,25,Assam,Sibsagar,3911,1355,2430,1917,1,114,2,10,2453,191,24,0
57,26,Assam,Sonitpur,3098,1423,1210,1175,45,13,3,449,1089,0,90,18
58,27,Assam,Tinsukia,2703,1740,891,606,0,30,5,37,1332,0,19,1
59,28,Assam,Udalguri,1786,905,216,216,0,0,1,664,518,4,97,1
60,1,Bihar,Araria,6677,963,5601,3584,744,100,10,3,3028,1147,1471,126
61,2,Bihar,Arwal,5051,578,3688,873,258,24,6,755,1153,0,765,25
62,3,Bihar,Aurangabad,5423,1153,3799,2904,1223,291,20,160,2298,996,777,71
63,4,Bihar,Banka,3172,1136,1945,1833,948,76,10,5,1085,0,294,48
64,5,Bihar,Begusarai,52238,10127,39061,36439,20770,1278,30,1742,8992,678,11067,75
65,6,Bihar,Bhagalpur,17375,1653,15445,14104,10289,220,14,43,8182,2989,4095,592
66,7,Bihar,Bhojpur,14627,2521,11652,10012,4950,178,16,260,5299,1522,2995,58
67,8,Bihar,Buxar,4613,253,4284,3398,945,68,6,2,2536,1765,920,41
68,9,Bihar,Darbhanga,13604,3477,9671,8774,2817,411,27,18,5226,1577,3811,134
69,10,Bihar,Gaya,21067,6000,14084,11918,9822,895,27,61,6448,652,4200,70
70,11,Bihar,Gopalganj,8462,766,7586,5818,1022,46,19,45,3132,828,2070,45
71,12,Bihar,Jamui,8857,1955,6816,6718,1322,26,5,55,3370,2484,2821,27
72,13,Bihar,Jehanabad,6996,1302,5656,5012,2314,18,3,17,2210,294,1962,12
73,14,Bihar,Kaimur(Bhabua),2739,219,2072,1968,864,426,7,15,1221,0,515,47
74,15,Bihar,Katihar,15441,1741,13477,11128,8107,169,16,38,1396,0,6025,41
75,16,Bihar,Khagaria,6417,1350,4828,2711,871,227,6,6,1725,0,694,21
76,17,Bihar,Kishanganj,15390,3786,11395,10359,4683,183,21,5,6655,413,2977,11
77,18,Bihar,Lakhisarai,6657,155,6458,3605,2170,36,3,5,2577,1103,1244,10
78,19,Bihar,Madhepura,10565,1795,8666,8589,6388,71,10,23,2373,1479,6476,34
79,20,Bihar,Madhubani,18822,3788,14664,10144,3733,163,63,144,5178,1182,4890,204
80,21,Bihar,Munger,12047,555,11433,9618,5902,44,12,3,3924,663,3732,26
81,22,Bihar,Muzaffarpur,14826,1400,12581,6882,4421,765,24,56,3998,1782,3119,119
82,23,Bihar,Nalanda,14647,1146,13205,13073,9294,66,4,226,8141,2056,4631,24
83,24,Bihar,Nawada,2958,439,2427,2027,1082,74,5,13,1392,587,452,36
84,25,Bihar,Paschim Champaran,17155,2913,11943,11428,7443,1347,28,924,6317,2274,3103,67
85,26,Bihar,Patna,34587,8928,21000,16096,9176,4354,53,252,7703,2564,6041,110
86,27,Bihar,Purba Champaran,36602,5233,20296,18054,9380,10766,48,259,5262,1813,9162,82
87,28,Bihar,Purnia,15766,3634,11524,8870,2066,585,17,6,5301,2346,4739,50
88,29,Bihar,Rohtas,15220,3422,11437,8844,3411,265,12,84,6673,2899,2526,36
89,30,Bihar,Saharsa,25756,8247,17320,16142,13114,98,70,21,5301,960,8248,51
90,31,Bihar,Samastipur,4009,1121,2205,1790,1225,568,36,79,1711,57,594,160
91,32,Bihar,Saran,25257,3519,19601,16562,6982,456,36,1645,5400,594,5624,119
92,33,Bihar,Sheikhpura,6955,2240,4702,4176,2955,6,3,4,3101,96,1260,8
93,34,Bihar,Sheohar,2519,357,2142,1859,156,9,5,6,994,0,564,11
94,35,Bihar,Sitamarhi,9278,1435,7436,6630,4113,351,25,31,3954,1557,1975,80
95,36,Bihar,Siwan,7058,2282,3613,3069,681,162,25,976,1758,9,1291,87
96,37,Bihar,Supaul,10093,1511,8340,6542,1685,232,8,2,4531,228,1867,43
97,38,Bihar,Vaishali,15528,8552,6754,5053,2102,134,24,64,3695,83,3536,66
98,1,Chandigarh,Chandigarh,6121,4,6117,6117,0,0,0,0,6117,0,0,4
99,1,Chhattisgarh,Balod,10550,1181,8690,8666,8623,634,14,31,8554,83,83,2
100,2,Chhattisgarh,Baloda Bazar,8526,1062,7167,7035,6928,213,2,82,6913,740,3,2
101,3,Chhattisgarh,Baloudabazar-Bhatapara,7491,486,6375,6333,6154,617,2,11,6187,1236,24,10
102,4,Chhattisgarh,Balrampur,4101,4,3774,3675,3625,301,2,20,3530,462,5,2
103,5,Chhattisgarh,Bastar,6775,1,5419,5294,5105,943,3,409,5162,3433,4,0
104,6,Chhattisgarh,Bemetara,8081,284,6835,6734,6539,687,142,133,6246,28,22,7
105,7,Chhattisgarh,Bijapur,4805,214,3998,3994,3860,572,6,15,3860,1832,0,0
106,8,Chhattisgarh,Bilaspur,30153,1193,23993,23880,22737,4318,18,631,23440,790,31,5
107,9,Chhattisgarh,Dantewada,6877,10,6095,6094,6000,758,14,0,6084,778,9,0
108,10,Chhattisgarh,Dhamtari,13329,156,11394,11374,11224,1493,2,284,11323,872,5,3
109,11,Chhattisgarh,Durg,55126,409,42435,42417,42047,10697,8,1577,42106,2853,48,4
110,12,Chhattisgarh,Gariyaband,5874,184,4571,4571,4567,1113,3,3,4850,3567,27,1
111,13,Chhattisgarh,Janjgir-Champa,25187,2237,21574,21157,20057,937,24,415,20552,883,54,89
112,14,Chhattisgarh,JashpurNagar,6708,19,6408,6378,6295,178,15,88,6242,1001,8,32
113,15,Chhattisgarh,Kabeerdham,8743,729,7495,7459,7360,500,4,15,7337,2375,14,10
114,16,Chhattisgarh,Kondagaon,4970,0,4881,4834,4788,75,14,0,4892,2573,2,3
115,17,Chhattisgarh,Korba,38389,743,28616,28575,28331,4005,2,5023,28456,2657,21,3
116,18,Chhattisgarh,Koria,19818,703,17429,17342,16999,1487,1,198,17145,420,45,1
117,19,Chhattisgarh,Mahasamund,11724,1225,10064,9942,9816,411,1,23,9739,1263,51,2
118,20,Chhattisgarh,Mungeli,5526,15,4391,4391,4361,1115,0,5,4340,86,21,2
119,21,Chhattisgarh,Narayanpur,2979,0,2975,2975,2975,1,0,3,2975,12,0,0
120,22,Chhattisgarh,Raigarh,23608,754,18165,18119,17685,4436,14,239,17384,4473,62,86
121,23,Chhattisgarh,Raipur,44231,1362,33600,32564,30147,8804,41,424,30102,1367,14,9
122,24,Chhattisgarh,Rajnandgaon,25996,463,21172,21138,21055,905,1,3455,21039,13,27,4
123,25,Chhattisgarh,Sarguja,9326,20,8605,8605,8273,339,1,361,8604,4452,7,1
124,26,Chhattisgarh,Sukma,3350,59,3287,3287,3287,4,0,0,3264,220,7,0
125,27,Chhattisgarh,Surajpur,6159,45,5128,5106,5033,711,4,271,4922,2,21,2
126,28,Chhattisgarh,Uttar Bastar kanker,5336,42,4991,4951,4922,282,5,16,4985,357,9,0
127,1,Dadra & Nagar Haveli,Dadara and Nagar Haveli,1668,0,1180,1179,1138,320,0,168,1181,977,0,1
128,1,Daman & Diu,Daman,415,1,294,294,287,10,2,108,296,0,0,0
129,2,Daman & Diu,Diu,729,26,401,401,298,290,0,12,401,3,1,1
130,1,Delhi,All Delhi,49,31,0,0,0,0,2,16,2,0,1,1
131,2,Delhi,Central,14,6,2,1,0,5,1,0,1,0,0,2
132,3,Delhi,East,73,1,26,12,12,46,0,0,13,0,0,2
133,4,Delhi,New Delhi,21,1,0,0,0,18,1,1,0,0,1,6
134,5,Delhi,North,171,0,5,0,0,163,2,1,22,0,13,7
135,6,Delhi,North West,10296,146,305,303,292,9786,26,33,288,0,19,25
136,7,Delhi,South,1138,18,151,151,20,961,4,4,161,149,6,1
137,8,Delhi,South West,2331,29,229,229,228,2052,5,16,231,0,5,17
138,9,Delhi,West,45,2,7,7,7,34,1,1,6,0,1,4
139,1,Goa,North Goa,1334,4,1318,1268,1254,6,1,5,796,761,239,1
140,2,Goa,South Goa,1663,122,1509,1431,1429,17,0,15,677,592,703,1
141,1,Gujarat,Ahmedabad,45614,46,41991,41991,543,1149,7,2421,41998,1515,12,21
142,2,Gujarat,Amreli,24864,1103,20382,20380,3775,153,1,3225,20386,778,0,5
143,3,Gujarat,Anand,35406,36,24357,24347,1168,1206,2,9805,24348,988,0,5
144,4,Gujarat,Aravalli,8838,22,4031,4030,572,963,1,3821,4035,358,2,5
145,5,Gujarat,Banas Kantha,27584,89,19809,19799,1074,0,13,7673,19824,875,2,25
146,6,Gujarat,Bharuch,18212,10,11851,11845,1577,1874,1,4476,11850,247,1,1
147,7,Gujarat,Bhavnagar,34864,95,30512,30506,3085,271,6,3980,30515,2911,2,7
148,8,Gujarat,Botad,12675,8,10468,10463,609,682,0,1517,10464,1601,0,3
149,9,Gujarat,Dahod,15141,39,10066,10066,448,0,3,5033,10069,0,4,20
150,10,Gujarat,Devbhoomi Dwarka,19068,153,14008,14006,843,200,3,4704,14047,730,2,6
151,11,Gujarat,Gandhinagar,24781,16,18157,18157,348,656,2,5950,18159,1049,1,0
152,12,Gujarat,Gir Somnath,23077,1132,16445,16445,995,35,2,5463,16451,1828,0,6
153,13,Gujarat,Jamnagar,31096,19,18949,18948,922,659,2,11467,18952,1288,1,1
154,14,Gujarat,Junagadh,27687,43,19808,19808,1802,200,4,7632,19817,1083,1,3
155,15,Gujarat,Kachchh,33600,28,26394,26378,2004,3087,2,4089,26390,860,1,5
156,16,Gujarat,Kheda,40696,29,32003,32002,1528,738,0,7926,32006,3856,0,193
157,17,Gujarat,Mahesana,19421,13,13098,13098,1542,488,3,5819,13103,1353,0,2
158,18,Gujarat,Mahisagar,5786,127,3818,3818,85,0,3,1838,3832,0,0,8
159,19,Gujarat,Morbi,17304,15,11891,11890,144,1006,2,4390,11894,1098,0,3
160,20,Gujarat,Narmada,4949,9,419,419,17,0,0,4521,420,0,0,1
161,21,Gujarat,Navsari,14801,8,8031,8031,2028,1231,1,5530,8031,0,0,0
162,22,Gujarat,Panch Mahals,16038,23,11527,11526,962,215,3,4270,11533,1169,0,7
163,23,Gujarat,Patan,18454,31,13345,13345,1732,1037,0,4041,13352,668,0,1
164,24,Gujarat,Porbandar,13594,5,7485,7475,486,1484,0,4620,7476,108,0,0
165,25,Gujarat,Rajkot,49307,35,40678,40674,3282,4855,2,3737,40637,1417,1,3
166,26,Gujarat,Sabar Kantha,10550,38,7263,7263,1328,0,1,3248,7267,807,3,8
167,27,Gujarat,Surat,15291,33,12799,12792,2847,1336,1,1122,12798,253,1,9
168,28,Gujarat,Surendranagar Dudhrej,21085,35,18060,18058,312,622,0,2368,18065,2144,1,7
169,29,Gujarat,Tapi,4689,7,3473,3473,427,780,0,429,3475,1356,0,2
170,30,Gujarat,The Dangs,0,0,0,0,0,0,0,0,0,0,0,0
171,31,Gujarat,Vadodara,28978,42,25266,25266,639,174,0,3496,24940,1746,3,11
172,32,Gujarat,Valsad,20846,25,20652,20652,2679,115,1,53,20653,670,0,6
173,1,Haryana,Ambala,7780,130,5216,5193,5104,2117,6,311,5179,1221,3,2
174,2,Haryana,Bhiwani,4709,1229,2134,2134,2117,1332,6,8,2162,0,9,12
175,3,Haryana,Faridabad,21933,5525,14297,14297,13910,2075,28,8,13130,0,85,31
176,4,Haryana,Fatehabad,749,88,318,316,316,335,5,3,317,0,0,6
177,5,Haryana,Gurgaon,8522,551,7288,7271,7253,656,3,24,6608,818,23,4
178,6,Haryana,Hisar,8742,2417,2985,2961,2790,3250,4,86,2989,0,16,75
179,7,Haryana,Jhajjar,2115,34,1110,1108,1108,790,3,178,1068,33,38,5
180,8,Haryana,Jind,2506,152,1060,1058,1056,1283,7,4,1036,1,37,5
181,9,Haryana,Kaithal,4376,219,3056,2998,2941,942,5,154,2984,4,7,4
182,10,Haryana,Karnal,11431,784,7892,7619,7515,2659,6,90,7557,1,141,59
183,11,Haryana,Kurushetra,566,36,215,207,207,302,4,9,214,54,3,19
184,12,Haryana,Mahendragarh,2925,695,1478,1469,1453,732,11,9,1176,433,45,15
185,13,Haryana,Mewat,2593,384,1166,1166,1125,983,11,49,1193,0,29,34
186,14,Haryana,Palwal,4679,663,1464,1460,1459,2384,16,152,1387,0,104,39
187,15,Haryana,Panchkula,9422,214,2906,2199,2188,1042,37,5223,3027,0,5,5
188,16,Haryana,Panipat,3818,644,3087,1988,1859,49,8,30,1843,0,27,10
189,17,Haryana,Rewari,1105,174,766,765,765,138,8,19,723,0,2,8
190,18,Haryana,Rohtak,7537,131,3360,3341,3339,3559,3,484,3304,1,13,5
191,19,Haryana,Sirsa,4166,2562,137,134,133,1463,4,0,161,48,8,15
192,20,Haryana,Sonipat,7236,826,3097,3034,2977,3254,9,50,3605,0,99,9
193,21,Haryana,Yamunanagar,5286,120,3575,3026,2993,966,2,623,3092,1,5,1
194,1,Himachal Pradesh,Bilaspur,313,9,278,278,272,16,0,10,215,201,47,0
195,2,Himachal Pradesh,Chamba,341,10,256,252,251,71,0,4,229,1,10,3
196,3,Himachal Pradesh,Hamirpur,480,19,325,319,228,132,1,3,282,271,1,3
197,4,Himachal Pradesh,Kangra,3884,938,1768,1483,1434,888,7,283,1361,367,107,6
198,5,Himachal Pradesh,Kullu,273,30,197,197,194,41,0,5,125,98,9,4
199,6,Himachal Pradesh,Mandi,910,289,514,425,415,69,0,38,304,72,35,4
200,7,Himachal Pradesh,Shimla,622,11,365,362,349,241,1,4,356,183,2,10
201,8,Himachal Pradesh,Sirmaur,827,42,723,720,681,53,3,6,681,369,13,2
202,9,Himachal Pradesh,Solan,352,6,207,196,193,76,1,62,173,94,6,0
203,10,Himachal Pradesh,Una,1393,143,1087,927,865,158,2,3,756,563,1,1
204,1,Jammu & Kashmir,Anantnag,10106,1044,5248,4642,2614,2747,6,1061,4292,0,78,6
205,2,Jammu & Kashmir,Badgam,3632,133,2177,1975,339,933,1,388,1888,198,0,5
206,3,Jammu & Kashmir,Bandipore,7829,625,5799,4491,1336,746,2,657,4418,1,50,0
207,4,Jammu & Kashmir,Baramula,11409,1470,4245,4044,985,3806,3,1885,4057,140,16,1
208,5,Jammu & Kashmir,Doda,1511,343,681,681,323,272,0,215,787,0,1,0
209,6,Jammu & Kashmir,Ganderbal,617,54,381,344,79,57,0,125,295,0,10,0
210,7,Jammu & Kashmir,Jammu,16494,198,7653,6806,2413,5665,0,2978,5854,192,34,6
211,8,Jammu & Kashmir,Kargil,1035,40,958,404,7,37,0,0,402,0,0,0
212,9,Jammu & Kashmir,Kathua,5160,181,2960,2813,326,1246,2,771,2603,169,146,3
213,10,Jammu & Kashmir,Kishtwar,858,2,587,587,202,223,0,46,548,0,0,0
214,11,Jammu & Kashmir,Kulgam,4436,352,2324,2311,1792,966,5,789,2222,32,8,2
215,12,Jammu & Kashmir,Kupwara,3190,493,2114,2028,1285,350,0,233,1896,91,42,9
216,13,Jammu & Kashmir,Leh,0,0,0,0,0,0,0,0,0,0,0,0
217,14,Jammu & Kashmir,Pulwama,3536,124,2075,2001,579,951,11,375,1950,21,12,10
218,15,Jammu & Kashmir,Punch,1561,17,796,747,25,355,0,393,672,12,62,3
219,16,Jammu & Kashmir,Rajouri,3358,130,2497,1830,306,308,0,423,1703,342,4,6
220,17,Jammu & Kashmir,Ramban,779,2,377,369,292,233,1,166,367,0,8,15
221,18,Jammu & Kashmir,Reasi,745,41,366,360,146,21,0,317,361,45,3,0
222,19,Jammu & Kashmir,Samba,2590,575,1648,1619,1159,29,0,338,1484,0,65,13
223,20,Jammu & Kashmir,Shupiyan,1133,448,498,498,479,150,1,36,499,0,2,0
224,21,Jammu & Kashmir,Srinagar,26399,2257,7382,6774,758,14610,13,2137,3113,0,11,3
225,22,Jammu & Kashmir,Udhampur,1987,544,1177,1141,465,205,1,60,1399,0,5,0
226,1,Jharkhand,Bokaro,12322,18,10198,10198,9985,1137,2,967,10192,9566,10,5
227,2,Jharkhand,Chatra,3286,35,2855,2855,2855,8,0,388,2857,2291,0,42
228,3,Jharkhand,Deoghar,16027,30,14207,14207,13663,969,7,814,14220,5222,4,12
229,4,Jharkhand,Dhanbad,72931,3222,46251,46169,45258,2873,30,20555,47693,45755,14,95
230,5,Jharkhand,Dumka,4124,11,3623,3616,3593,275,4,211,3612,204,1,3
231,6,Jharkhand,Garhwa,9030,16,7957,7953,7115,478,9,570,7961,7362,2,1
232,7,Jharkhand,Giridih,2939,27,2239,2239,2218,86,2,585,2239,247,2,4
233,8,Jharkhand,Godda,2491,36,2271,2271,2268,79,3,102,2273,2154,7,8
234,9,Jharkhand,Gumla,2926,0,2780,2780,2766,125,1,20,2788,2768,0,0
235,10,Jharkhand,Hazaribag,3949,29,2712,2712,2705,796,3,409,2729,2699,5,5
236,11,Jharkhand,Jamtara,4715,5,3796,3796,3786,162,0,752,3798,3745,1,1
237,12,Jharkhand,Khunti,2346,3,2218,2218,2209,1,1,123,2221,1632,0,2
238,13,Jharkhand,Kodarma,7961,29,7427,7427,7329,94,2,409,7429,4311,1,0
239,14,Jharkhand,Latehar,1780,1,1689,1689,1565,69,0,21,1715,1137,0,10
240,15,Jharkhand,Lohardaga,2299,0,2028,2028,2017,51,1,219,2028,165,0,0
241,16,Jharkhand,Pakaur,2653,2,2387,2387,2387,203,0,61,2387,325,0,2
242,17,Jharkhand,Palamu,12109,133,9928,9928,9036,1333,7,708,10073,4607,5,19
243,18,Jharkhand,Paschimi Sighbhum,5570,15,5182,5182,5182,320,2,51,5173,1537,3,1
244,19,Jharkhand,Purbi Singhbhum,23308,56,20663,20663,19388,2159,3,427,20710,11481,19,18
245,20,Jharkhand,Ramgarh,16015,106,13589,12556,12548,653,3,1664,12572,2003,2,3
246,21,Jharkhand,Ranchi,40834,238,34057,34057,32315,2514,5,4020,34101,11707,1,8
247,22,Jharkhand,Sahibganj,9515,2,8113,8113,7738,982,1,417,8124,6497,0,4
248,23,Jharkhand,Seraikela,7667,32,7333,7333,7161,93,2,207,7334,873,0,3
249,24,Jharkhand,Simdega,2143,3,2014,2014,1984,24,1,101,2014,3,3,1
250,1,Karnataka,Bagalkot,20296,1692,15237,13606,12676,1449,6,1912,12119,3362,869,1
251,2,Karnataka,Bangalore Rural,3406,29,2718,2711,2481,275,3,381,2436,566,58,0
252,3,Karnataka,Bangalore Urban,5235,193,3653,3617,3593,1358,3,28,2465,1041,190,0
253,4,Karnataka,Belgaum,23286,1142,16978,16516,15273,2267,18,2881,12386,3613,675,0
254,5,Karnataka,Bellary,44226,1892,37786,35639,31579,2748,2,1798,29609,14462,779,0
255,6,Karnataka,Bidar,19303,2561,14518,12775,11854,2198,14,12,8708,4432,388,0
256,7,Karnataka,Bijapur,28431,165,23352,19523,17209,3460,15,1439,16038,4624,347,0
257,8,Karnataka,Chamarajanagar,7154,5,5458,5441,5271,309,0,1382,4945,0,204,0
258,9,Karnataka,Chikkaballapura,8057,434,6146,5884,4470,520,1,956,5455,23,329,0
259,10,Karnataka,Chikmagalur,2720,65,1708,1708,1652,215,3,729,1735,179,11,0
260,11,Karnataka,Chitradurga,16017,395,11572,11542,11353,1473,5,2572,10379,2428,422,0
261,12,Karnataka,Dakshin Kannada,1269,16,979,976,949,44,0,230,967,797,2,0
262,13,Karnataka,Davanagere,15686,313,8958,8502,6102,5285,0,1130,8462,3948,24,0
263,14,Karnataka,Gadag-Betigeri,34504,206,21008,20831,18085,3477,8,9805,19407,263,265,0
264,15,Karnataka,Gulbarga,28632,1517,17856,17010,15509,6395,22,2842,15799,8949,153,0
265,16,Karnataka,Hassan,2502,56,2040,2020,1962,61,1,344,2002,0,4,0
266,17,Karnataka,Haveri,15921,1141,13834,13665,12242,628,8,310,13015,5830,491,0
267,18,Karnataka,Hubli-Dharwad,31027,170,26496,26436,25019,176,3,4182,22405,2555,1517,0
268,19,Karnataka,Kodagu,624,7,571,571,527,45,0,1,506,265,18,0
269,20,Karnataka,Kolar,15882,2751,10650,10650,8787,1480,9,992,9479,25,643,0
270,21,Karnataka,Koppal,18640,459,16378,15408,12040,915,4,884,8898,323,602,0
271,22,Karnataka,Mandya,4276,24,3059,3043,2836,307,5,881,2970,291,45,0
272,23,Karnataka,Mysore,8905,50,7439,7428,7386,575,1,840,7116,401,96,0
273,24,Karnataka,Raichur,39778,1673,21195,20270,15896,4338,11,12561,19773,10489,316,0
274,25,Karnataka,Ramanagara,5095,46,4414,4414,4331,203,0,432,4385,913,6,0
275,26,Karnataka,Shimoga,9937,22,6585,6365,5689,2065,1,1264,6070,1939,260,0
276,27,Karnataka,Tumkur,15213,110,9358,9330,7922,2100,1,3644,8649,941,171,0
277,28,Karnataka,Udupi,571,9,451,422,422,48,0,63,433,155,6,0
278,29,Karnataka,Uttara Kannada,9539,72,8550,8327,7526,526,0,391,7128,1286,303,0
279,30,Karnataka,Yadgir,15703,2759,11896,10516,8723,547,14,487,8995,1892,249,0
280,1,Kerala,Alappuzha,4016,1568,2116,2096,1749,279,0,53,1917,1140,23,3
281,2,Kerala,Ernakulam,7242,2708,3684,3022,2666,846,3,1,2209,1682,153,1
282,3,Kerala,Idukki,560,21,441,441,415,2,0,96,431,259,0,0
283,4,Kerala,Kannur,1403,101,1181,1177,937,108,0,13,1128,1105,2,1
284,5,Kerala,Kasaragod,862,59,764,574,556,18,0,21,596,12,58,0
285,6,Kerala,Kollam,6308,514,3405,3294,2514,2348,0,41,2503,825,426,23
286,7,Kerala,Kottayam,3252,1741,1378,1327,1120,123,2,8,1395,996,39,182
287,8,Kerala,Kozhikode,3110,338,2648,2523,2420,117,0,7,1893,1259,78,26
288,9,Kerala,Malappuram,4200,392,2431,2129,1956,1102,6,269,2050,1996,5,5
289,10,Kerala,Palakkad,2923,752,1249,949,830,887,4,31,790,591,14,43
290,11,Kerala,Pathanamthitta,1628,64,1542,1496,1376,21,0,1,954,285,7,0
291,12,Kerala,Thiruvananthapuram,7106,191,6303,6119,5237,389,17,206,5528,5272,53,72
292,13,Kerala,Thrissur,3997,933,2775,1403,1280,276,1,12,983,294,117,0
293,14,Kerala,Waynad,904,13,865,844,788,7,1,18,732,414,8,0
294,1,Lakshadweep,Lakshadweep,0,0,0,0,0,0,0,0,0,0,0,0
295,1,Madhya Pradesh,Agar Malwa,5157,731,3819,3768,2936,570,3,34,3363,103,38,1
296,2,Madhya Pradesh,Alirajpur,2586,438,1126,1049,579,1022,0,0,909,734,3,0
297,3,Madhya Pradesh,Anuppur,10924,2427,7366,6680,5060,1121,5,5,6451,2033,29,1
298,4,Madhya Pradesh,Ashoknagar,16187,4624,7882,6208,4082,3668,6,7,7540,818,233,11
299,5,Madhya Pradesh,Balaghat,15788,570,10570,9163,7393,4366,2,280,8483,663,42,9
300,6,Madhya Pradesh,Barwani,11425,899,7535,7527,4553,2880,1,110,5918,625,0,4
301,7,Madhya Pradesh,Betul,16343,1675,10016,9583,7817,4628,3,21,9463,3,49,2
302,8,Madhya Pradesh,Bhind,18593,1782,13024,12804,6524,3636,11,140,9075,90,83,10
303,9,Madhya Pradesh,Bhopal,61775,903,43008,43006,33075,6198,8,11658,43010,1545,7,8
304,10,Madhya Pradesh,Bina Etawa,0,0,0,0,0,0,0,0,0,0,0,0
305,11,Madhya Pradesh,Burhanpur,11788,376,8554,8454,6729,2855,2,1,7029,2,27,3
306,12,Madhya Pradesh,Chhatarpur,22476,3820,14419,9667,5053,3511,14,712,9654,1035,260,17
307,13,Madhya Pradesh,Chhindwara,37775,2691,29934,29400,19389,4754,4,392,26549,529,146,3
308,14,Madhya Pradesh,Damoh,21750,4975,12903,9719,3897,3855,2,15,9137,351,14,7
309,15,Madhya Pradesh,Datia,11244,223,7468,7418,3871,3544,5,4,5115,737,6,2
310,16,Madhya Pradesh,Dewas,21246,2620,10468,9724,7807,6033,3,2122,8283,248,36,53
311,17,Madhya Pradesh,Dhar,21927,2425,15001,14830,8620,3945,3,553,13969,34,10,7
312,18,Madhya Pradesh,Dindori,5709,1304,1759,1273,1184,2643,2,1,1688,74,4,1
313,19,Madhya Pradesh,Guna,22674,3969,14085,13495,6078,4559,10,51,11440,1033,30,9
314,20,Madhya Pradesh,Gwalior,34980,1809,28257,28057,3950,4704,5,205,25969,630,4,8
315,21,Madhya Pradesh,Harda,8279,1988,2699,2699,2535,3582,0,10,2602,1142,0,8
316,22,Madhya Pradesh,Hoshangabad,18781,3049,10404,10281,7127,5199,4,125,9445,292,30,5
317,23,Madhya Pradesh,Indore,40193,673,17004,16933,14186,6300,1,16215,16893,12664,2,5
318,24,Madhya Pradesh,Jabalpur,57876,2367,50122,49047,33989,4768,5,614,48139,149,12,9
319,25,Madhya Pradesh,Jhabua,5560,1412,2404,2243,1302,1743,1,0,2338,538,29,8
320,26,Madhya Pradesh,Khandwa,15985,2714,9585,8849,7897,3353,3,330,8458,763,2,15
321,27,Madhya Pradesh,Khargaon,11427,1956,8607,8607,5785,379,2,483,8597,994,1,5
322,28,Madhya Pradesh,Mandla,10242,459,5878,5685,2677,3879,4,22,5376,83,16,2
323,29,Madhya Pradesh,Mandsaur,12472,548,8130,8083,6998,3444,1,349,7493,505,60,4
324,30,Madhya Pradesh,Morena,50243,22420,12170,11957,8465,14857,3,793,9583,3,329,10
325,31,Madhya Pradesh,Murwara (Katni),10491,417,9273,9083,7203,693,0,108,4197,14,14,7
326,32,Madhya Pradesh,Narsimhapur,13929,4281,8961,8771,5853,682,1,4,11053,1229,30,0
327,33,Madhya Pradesh,Neemuch,13619,541,10465,10125,8396,2106,3,504,10239,316,316,0
328,34,Madhya Pradesh,Panna,7858,981,6562,6279,2899,309,4,2,5849,90,28,4
329,35,Madhya Pradesh,Raisen,12649,1697,10592,9081,5424,329,4,27,9251,1,38,8
330,36,Madhya Pradesh,Rajgarh,15371,1735,12858,12087,5872,368,4,406,10560,383,33,6
331,37,Madhya Pradesh,Ratlam,10396,1511,7682,7682,3903,629,3,571,7238,148,35,10
332,38,Madhya Pradesh,Rewa,21750,3275,15257,14603,9886,1733,25,1460,14979,796,73,24
333,39,Madhya Pradesh,Sagar,28324,1619,19524,17826,12243,4716,48,2417,16216,2170,457,13
334,40,Madhya Pradesh,Satna,31421,5957,25025,22901,10591,212,12,215,20475,1584,96,17
335,41,Madhya Pradesh,Sehore,8662,582,7273,7139,3717,709,5,93,7456,1078,5,6
336,42,Madhya Pradesh,Seoni,5110,1149,3778,3713,3536,182,1,0,2882,4,5,4
337,43,Madhya Pradesh,Shahdol,9338,964,7129,6389,4344,396,3,846,6136,1262,4,4
338,44,Madhya Pradesh,Shajapur,5744,925,4159,3703,2514,656,0,4,3382,106,50,2
339,45,Madhya Pradesh,Sheopur,6358,857,4734,4690,1178,766,1,0,3612,17,11,6
340,46,Madhya Pradesh,Shivpuri,24230,4774,16844,14780,4874,2606,6,0,12408,3078,30,19
341,47,Madhya Pradesh,Sidhi,5582,441,4771,4727,3443,245,3,122,4471,1632,28,7
342,48,Madhya Pradesh,Singrauli,13852,447,13166,13166,8263,230,5,4,12447,0,40,5
343,49,Madhya Pradesh,Tikamgarh,11739,2608,7538,5163,2332,1466,10,117,5080,318,408,11
344,50,Madhya Pradesh,Ujjain,19568,742,13865,13559,10324,3692,5,1264,12949,4827,47,11
345,51,Madhya Pradesh,Umaria,6170,2169,3607,3336,2841,391,0,3,2205,310,257,4
346,52,Madhya Pradesh,Vidisha,10930,2384,7888,7770,2783,523,4,131,7265,577,7,1
347,1,Maharashtra,Ahmadnagar,30126,814,26813,24141,15558,1647,16,836,21263,9157,104,13
348,2,Maharashtra,Akola,31695,3708,27006,25952,16856,968,9,4,25203,4257,276,2
349,3,Maharashtra,Amravati,41752,3788,32388,30391,24855,3893,9,1674,31162,3983,347,8
350,4,Maharashtra,Aurangabad,28538,1335,23386,22932,16725,3781,13,23,19622,2049,125,20
351,5,Maharashtra,Beed,37342,1249,31408,24724,19809,4647,30,8,22450,4198,1410,21
352,6,Maharashtra,Bhandara,7133,45,6363,6209,3927,682,2,41,5812,443,128,1
353,7,Maharashtra,Buldana,42044,3738,34050,31724,22586,3550,15,691,25244,183,1051,17
354,8,Maharashtra,Chandrapur,34105,888,31194,31081,26215,1748,3,272,29244,10,525,2
355,9,Maharashtra,Dhule,17079,2918,9317,8451,6044,4810,9,25,8254,7,85,19
356,10,Maharashtra,Gadchiroli,18591,557,15674,15542,13924,1666,11,683,13397,353,613,11
357,11,Maharashtra,Gondiya,10648,245,8052,7885,7004,2309,7,35,7277,1915,139,13
358,12,Maharashtra,Hingoli,16486,2426,11402,11182,7727,2593,29,36,10421,5914,80,15
359,13,Maharashtra,Jalgaon,45137,4631,36878,34959,28958,2194,35,1399,30958,3360,179,17
360,14,Maharashtra,Jalna,32138,9064,21810,18076,16041,1220,29,15,17274,1647,826,59
361,15,Maharashtra,Kolhapur,11062,500,8870,7548,6670,1402,2,288,7462,945,92,5
362,16,Maharashtra,Latur,35840,1207,29195,27861,21577,5409,8,21,25957,9824,314,21
363,17,Maharashtra,Mumbai,4604,568,3499,2795,2533,513,14,10,653,9,14,28
364,18,Maharashtra,Mumbai Suburban,16433,899,13265,9734,8972,2186,16,67,1676,521,160,20
365,19,Maharashtra,Nagpur,46285,866,28957,28261,26216,14306,23,2133,25432,3305,520,35
366,20,Maharashtra,Nanded Waghala,49826,6090,33580,29885,23872,9809,28,319,28779,4316,1064,132
367,21,Maharashtra,Nandurbar,9811,1024,8381,8312,5651,327,4,75,7895,909,7,9
368,22,Maharashtra,Nashik,53518,1406,50431,34854,25785,1264,5,412,26717,9057,508,14
369,23,Maharashtra,Osmanabad,22978,1753,18407,17124,12817,2784,2,32,14636,4533,234,7
370,24,Maharashtra,Palghar,26790,403,25362,17301,16031,811,5,209,16924,7,20,2
371,25,Maharashtra,Parbhani,47028,7851,35738,31642,28370,3404,22,13,24382,844,1973,30
372,26,Maharashtra,Pune,83877,4717,66105,65295,61661,8368,30,4657,64840,13477,193,32
373,27,Maharashtra,Raigadh,15744,1195,8922,7781,6525,3514,3,2110,7679,568,53,7
374,28,Maharashtra,Ratnagiri,4852,16,2543,2469,2420,553,1,1739,2333,97,4,10
375,29,Maharashtra,Sangli,15602,563,12353,12074,11736,2391,62,233,10507,3785,215,17
376,30,Maharashtra,Satara,8169,1204,6146,5996,5963,766,6,47,5343,2030,11,9
377,31,Maharashtra,Sindhudurga,952,32,775,761,756,126,1,18,754,419,3,2
378,32,Maharashtra,Solapur,57411,4539,40602,38622,29872,10086,29,2155,34322,2436,263,22
379,33,Maharashtra,Thane,44417,6357,30473,27938,25880,3761,42,3784,27785,1714,127,17
380,34,Maharashtra,Wardha,14825,1035,12319,11717,9171,1315,6,150,11019,1239,572,11
381,35,Maharashtra,Washim,19069,71,16673,14567,13296,2275,6,44,12947,3049,411,18
382,36,Maharashtra,Yavatmal,35217,2075,30499,29718,25530,2444,18,181,24301,1488,554,16
383,1,Manipur ,Bishnupur,8340,1961,5784,5144,4877,148,4,443,4478,1350,132,2
384,2,Manipur ,Chandel,0,0,0,0,0,0,0,0,0,0,0,0
385,3,Manipur ,Imphal East,9882,2278,7456,6149,4211,136,2,10,4479,669,126,4
386,4,Manipur ,Imphal west,8989,2041,6658,5651,5554,273,10,7,4123,2182,327,61
387,5,Manipur ,Thoubal,13727,3749,9560,7519,6659,404,10,4,6401,1437,882,17
388,1,Meghalaya,East Garo Hills,23,23,0,0,0,0,0,0,1,0,0,2
389,2,Meghalaya,East Khasi Hills,1,1,0,0,0,0,0,0,0,0,1,0
390,3,Meghalaya,Jaintia Hills,5,5,0,0,0,0,0,0,0,0,1,0
391,4,Meghalaya,Ribhoi,2,2,0,0,0,0,0,0,0,0,0,1
392,5,Meghalaya,South Garo Hills,2,2,0,0,0,0,0,0,0,0,0,0
393,6,Meghalaya,west Garo Hills,2156,1933,167,97,0,55,1,0,2,0,38,3
394,7,Meghalaya,West Khasi Hills,25,25,0,0,0,0,0,0,0,0,0,0
395,1,Mizoram,Aizawl,600,4,589,589,321,6,0,1,592,340,1,0
396,2,Mizoram,Champhai,364,0,363,363,363,0,0,1,363,329,0,0
397,3,Mizoram,Kolasib,375,0,374,306,306,0,0,1,230,172,71,0
398,4,Mizoram,Lawngtlai,324,1,323,323,316,0,0,0,323,322,0,0
399,5,Mizoram,Lunglei,305,2,302,301,301,0,1,0,296,269,0,1
400,6,Mizoram,Mamit,227,19,203,203,203,5,0,0,202,194,0,0
401,7,Mizoram,Saiha,33,0,33,33,33,0,0,0,33,31,0,0
402,8,Mizoram,Serchhip,454,0,318,318,318,18,0,118,311,246,0,0
403,1,Nagaland,Dimapur,18718,18346,109,88,86,236,11,16,40,0,5,0
404,2,Nagaland,Kiphire,592,291,300,300,0,1,0,0,112,0,0,0
405,3,Nagaland,Kohima,510,400,107,97,97,2,1,0,98,0,2,0
406,4,Nagaland,Longleng,802,660,142,141,138,0,0,0,141,140,0,0
407,5,Nagaland,Mokokchung,1427,617,797,369,110,9,3,1,575,1,2,0
408,6,Nagaland,Mon,598,368,230,119,4,0,0,0,206,0,0,0
409,7,Nagaland,Peren,372,221,132,98,66,19,0,0,55,0,1,0
410,8,Nagaland,Phek,378,378,0,0,0,0,0,0,19,0,4,0
411,9,Nagaland,Tuensang,1665,1665,0,0,0,0,0,0,1,0,0,0
412,10,Nagaland,Wokha,936,374,560,489,489,2,0,0,648,487,0,0
413,11,Nagaland,Zunheboto,1241,1240,0,0,0,0,1,0,1,0,0,0
414,1,Odisha,Angul,5255,548,3917,3852,3510,340,2,448,1959,1454,41,4
415,2,Odisha,Balangir,8701,1414,6133,5647,4450,283,6,865,2894,2692,14,8
416,3,Odisha,Balasore,12430,886,8615,8556,6907,948,6,1975,4923,4139,15,11
417,4,Odisha,Bargarh,7284,86,6370,6303,5260,293,8,527,2498,2371,7,9
418,5,Odisha,Bhadrak,12512,318,10001,9505,6298,96,2,2095,6189,835,126,9
419,6,Odisha,Boudh,3527,2,872,872,639,2005,2,646,779,757,1,0
420,7,Odisha,Cuttack,18010,198,14833,14202,10397,198,9,2772,9449,7564,196,9
421,8,Odisha,Deogarh,3394,287,2666,2001,1240,7,1,433,1808,79,6,1
422,9,Odisha,Dhenkanal,12758,1476,9450,8256,6795,715,2,1115,5156,3626,44,12
423,10,Odisha,Gajapati,3300,50,2387,2043,1749,21,1,841,1829,534,0,2
424,11,Odisha,Ganjam,22040,879,13711,11927,7086,740,13,6697,8283,3899,76,15
425,12,Odisha,Jagatsinghpur,8921,197,4373,4355,3402,59,3,4289,3362,21,13,4
426,13,Odisha,Jajpur,4239,875,1676,1654,1118,78,9,1601,1595,0,4,19
427,14,Odisha,Jharsuguda,15558,414,9946,8719,4670,95,2,5101,7180,2238,116,9
428,15,Odisha,Kalahandi,7661,94,5855,5789,2501,140,3,1569,2294,1629,31,9
429,16,Odisha,Kandhamal,5934,161,3412,3403,1613,90,0,2271,2728,170,55,2
430,17,Odisha,Kendrapara,6835,485,4673,4267,3935,93,7,1577,3595,1997,4,3
431,18,Odisha,Kendujhar,16270,614,8879,8667,6688,444,8,6325,5920,3791,25,9
432,19,Odisha,Khordha,38846,376,17956,17863,9109,9206,4,11304,15149,7774,240,7
433,20,Odisha,Koraput,9488,372,3018,2938,1620,186,4,5908,2311,1143,18,0
434,21,Odisha,Malkangiri,2617,29,2113,1946,1074,10,1,464,926,56,1,1
435,22,Odisha,Mayurbhanj,10772,103,9983,9983,6309,197,1,488,5180,1531,28,3
436,23,Odisha,Nabarangapur,4787,223,4444,3112,2667,25,3,92,948,38,144,3
437,24,Odisha,Naupada,5100,18,2443,2143,1557,127,0,2512,1862,775,15,0
438,25,Odisha,Nayagarh,5446,540,2877,2875,2342,664,10,1355,2829,2796,3,1
439,26,Odisha,Puri,12095,871,9861,9687,7462,152,5,1206,5859,3089,244,10
440,27,Odisha,Rayagada,5573,217,3521,3491,3264,214,1,1620,1814,760,48,0
441,28,Odisha,Sambalpur,14813,280,13503,13094,2302,211,4,815,1486,723,16,3
442,29,Odisha,Subarnapur,6018,1144,3287,3210,2625,991,1,595,1774,1083,3,3
443,30,Odisha,Sundargarh,20468,714,16575,15786,6679,690,2,2487,7133,898,1352,0
444,1,Puducherry ,Karaikal,3437,3,2231,2231,2134,1141,0,62,624,323,8,0
445,2,Puducherry ,Mahe,69,0,64,64,64,1,0,4,64,0,0,0
446,3,Puducherry ,Puducherry,5983,246,4895,4734,4681,829,11,2,2415,17,63,2
447,4,Puducherry ,Yanam,759,0,757,757,757,0,1,1,1,0,0,0
448,1,Punjab,Amritsar,11895,368,11384,11051,9502,126,0,17,11186,0,30,4
449,2,Punjab,Barnala,2903,100,1950,1268,1015,852,1,0,1658,0,22,4
450,3,Punjab,Bathinda,15641,159,14088,14074,13580,1142,4,248,14253,8,4,667
451,4,Punjab,Faridkot,3554,17,3531,3531,3513,4,1,1,3533,0,0,1
452,5,Punjab,Fazilka,25036,20311,3626,1932,1917,689,47,363,3965,0,1320,274
453,6,Punjab,Firozpur,10046,4725,4959,4849,3182,315,15,32,5465,0,84,28
454,7,Punjab,Gurdaspur,5645,185,5379,5150,4812,80,1,0,4701,0,61,157
455,8,Punjab,Hoshiarpur,3514,82,2859,2834,2801,563,5,5,2195,0,46,23
456,9,Punjab,Jalandhar,3357,27,3146,2880,2332,180,1,3,2868,9,11,0
457,10,Punjab,Kapurthala,1789,10,1687,1662,1626,32,1,59,1614,0,27,6
458,11,Punjab,Ludhiana,12895,681,11189,11179,3224,929,1,95,11444,1,10,2
459,12,Punjab,Mansa,7728,322,6950,6874,5087,435,2,19,6949,1999,6,8
460,13,Punjab,Moga,5974,272,5420,5397,4923,115,6,161,5355,0,0,1126
461,14,Punjab,Muktsar,7019,427,6494,6494,6252,87,2,9,6486,0,1,9
462,15,Punjab,Pathankot,4774,210,4435,4435,2876,127,0,2,3842,1204,5,2
463,16,Punjab,Patiala,4949,215,2752,2344,1722,1932,3,47,2286,0,26,4
464,17,Punjab,Rupnagar,2175,17,1785,1595,1334,346,1,26,1631,0,4,2
465,18,Punjab,S.A.S. Nagar (Mohali),3096,21,2522,2521,2356,369,0,184,2496,11,7,216
466,19,Punjab,Sahid Bhgat Singh Nagar,1103,18,938,822,810,30,0,117,872,0,0,0
467,20,Punjab,Sangrur,6116,466,5028,5016,4479,593,2,27,4936,1244,6,12
468,21,Punjab,Sirhind Fatehgarh Sahib,891,62,567,567,555,20,0,242,594,14,3,0
469,22,Punjab,Tarn Taran,2609,141,2121,2085,1906,345,0,2,1950,0,1,26
470,1,Rajasthan,Ajmer,14829,35,10796,10786,10645,3511,3,484,10314,4378,11,21
471,2,Rajasthan,Alwar,13457,44,9971,9970,9784,1436,11,1995,9960,1118,12,29
472,3,Rajasthan,Banswara,3561,8,2845,2843,2609,696,8,4,2887,1052,6,19
473,4,Rajasthan,Baran,14009,157,10375,10374,9709,2257,6,1214,8480,4767,24,20
474,5,Rajasthan,Barmer,11631,223,10341,10341,8772,933,7,127,10141,1263,11,34
475,6,Rajasthan,Bharatpur,23416,1266,19662,18940,18325,2064,13,411,18287,4608,248,47
476,7,Rajasthan,Bhilwara,14268,54,12295,11672,10629,1176,9,734,9247,753,151,15
477,8,Rajasthan,Bikaner,17163,262,5335,5335,5279,11024,5,537,5297,1021,0,317
478,9,Rajasthan,Bundi,14177,324,11984,11678,10443,1349,4,516,11177,5267,210,19
479,10,Rajasthan,Chittaurgarh,9329,85,8244,8210,7008,785,2,213,8108,1210,34,8
480,11,Rajasthan,Churu,18235,559,13948,13945,13675,3523,19,186,13850,1824,328,20
481,12,Rajasthan,Dausa,9331,96,6154,6154,6102,2150,27,904,6141,601,2,433
482,13,Rajasthan,Dhaulpur,17071,1185,12450,12450,11605,3394,18,24,11968,52,77,29
483,14,Rajasthan,Dungarpur,3848,13,3376,3376,3339,92,4,363,3378,1317,3,2
484,15,Rajasthan,Ganganagar,18638,77,13913,13911,13665,4581,4,63,13911,685,16,29
485,16,Rajasthan,Hanumangarh,25358,117,19712,19712,19055,1994,3,3532,19603,4552,11,15
486,17,Rajasthan,Jaipur,36876,525,28235,28235,18801,5701,25,2390,28276,880,9,139
487,18,Rajasthan,Jaisalmer,3155,1285,1770,1668,1605,90,7,3,1658,0,153,5
488,19,Rajasthan,Jalor,10538,198,9856,9855,9448,394,6,84,9848,1291,17,34
489,20,Rajasthan,Jhalawar,8057,13,7154,7144,6793,711,4,175,6748,1188,49,16
490,21,Rajasthan,Jhunjhunun,12716,193,10393,10346,10185,1632,16,482,10353,1508,10,28
491,22,Rajasthan,Jodhpur,14130,821,9142,9069,7397,3549,18,600,9098,1995,31,35
492,23,Rajasthan,Karauli,19300,1768,12671,12671,12598,1779,9,3073,12672,7102,70,31
493,24,Rajasthan,Kota,34000,596,19756,19066,17259,10101,15,3532,14030,1256,283,41
494,25,Rajasthan,Nagaur,21793,1841,18022,17459,14064,1656,21,253,17290,261,611,277
495,26,Rajasthan,Pali,24244,184,21636,21245,20648,2399,9,16,21258,8199,14,31
496,27,Rajasthan,Pratapgarh,1906,12,1738,1738,1697,64,1,91,1689,480,0,8
497,28,Rajasthan,Rajsamand,4290,169,3776,3775,3645,84,1,260,3487,1221,17,3
498,29,Rajasthan,Sawai Madhopur,9574,0,8739,8739,8226,158,11,666,8397,0,5,16
499,30,Rajasthan,Sikar,12699,671,10208,10191,9989,913,14,893,9543,10,28,45
500,31,Rajasthan,Sirohi,4776,536,3390,3304,3252,447,3,400,2673,1029,141,14
501,32,Rajasthan,Tonk,21038,2240,17588,14089,11650,1150,8,52,13629,2382,84,14
502,33,Rajasthan,Udaipur,7052,169,6253,6221,5903,403,5,222,6040,1292,18,16
503,1,Sikkim,East District,450,2,439,439,409,8,0,1,415,81,0,0
504,2,Sikkim,North District,87,0,87,87,87,0,0,0,73,0,0,2
505,3,Sikkim,South District,294,0,292,292,278,2,0,0,277,0,0,0
506,4,Sikkim,West District,203,0,201,201,200,1,0,1,151,0,0,0
507,1,Tamil Nadu,Ariyalur,6284,178,5412,5297,5254,56,3,635,5119,3,51,1
508,2,Tamil Nadu,Chennai,9463,14,6786,6786,6737,828,0,1835,6641,28,94,284
509,3,Tamil Nadu,Coimbatore,21930,804,20049,19843,15225,384,3,690,18895,6058,193,12
510,4,Tamil Nadu,Cuddalore,27965,1471,24933,23170,22107,612,4,945,17146,1493,277,5
511,5,Tamil Nadu,Dharmapuri,9553,87,8468,8351,8293,395,2,601,8280,145,19,1
512,6,Tamil Nadu,Dindigul,27330,2899,22203,21896,21023,1314,6,908,21241,6408,289,3
513,7,Tamil Nadu,Erode,34776,608,29584,29243,28823,1095,11,3478,25748,4330,100,3
514,8,Tamil Nadu,Kancheepuram,35252,982,24766,24512,23438,1574,9,7921,23542,2952,91,2
515,9,Tamil Nadu,Kanniyakumari,4702,105,3800,3792,3674,581,7,209,3610,1298,16,29
516,10,Tamil Nadu,Karur,16843,771,15240,14782,14739,296,2,534,12169,226,1343,2
517,11,Tamil Nadu,Krishnagiri,6058,114,5045,5031,4956,105,0,794,4983,1569,40,1
518,12,Tamil Nadu,Madurai,19910,220,15823,15117,14898,3365,1,501,14048,1626,427,0
519,13,Tamil Nadu,Nagapattinam,14866,2146,11763,11392,11291,151,2,804,10631,1172,55,3
520,14,Tamil Nadu,Namakkal,19880,220,17213,17204,16889,551,3,1893,15944,1808,624,4
521,15,Tamil Nadu,Perambalur,2759,150,2396,2098,2038,65,0,148,2123,4,4,0
522,16,Tamil Nadu,Pudukkottai,7734,878,6420,6280,6224,201,7,228,6440,361,30,3
523,17,Tamil Nadu,Ramanathapuram,15520,552,12108,10619,10613,852,2,2006,9884,972,79,3
524,18,Tamil Nadu,Salem,49258,4059,37901,35628,35488,2543,14,4741,35650,9560,784,5
525,19,Tamil Nadu,Sivaganga,8805,400,7251,6905,6894,587,7,560,6772,226,48,3
526,20,Tamil Nadu,Thanjavur,16591,3560,11732,10755,9957,525,9,765,10954,849,351,9
527,21,Tamil Nadu,The Nilgiris,17642,934,14358,13276,13262,2086,0,264,12946,2284,110,3
528,22,Tamil Nadu,Theni Allinagaram,20169,698,18072,17406,16883,1228,6,165,16921,2200,247,0
529,23,Tamil Nadu,Thiruvallur,18445,2749,12855,12242,11804,1201,2,1638,11045,3503,390,2
530,24,Tamil Nadu,Thiruvarur,9317,513,7865,7457,7439,96,3,840,7401,700,64,1
531,25,Tamil Nadu,Thoothukkudi,13699,453,12377,11289,10497,602,5,262,11058,3413,88,8
532,26,Tamil Nadu,Tiruchirappalli,20308,1252,17181,16384,16278,1116,13,746,14660,4061,212,11
533,27,Tamil Nadu,Tirunelveli,49993,1727,43154,40579,40109,2617,8,2487,40094,6309,452,3
534,28,Tamil Nadu,Tiruppur,24511,479,21333,20493,20225,1128,5,1566,19886,2771,165,6
535,29,Tamil Nadu,Tiruvannamalai,16299,274,15011,14915,14747,427,8,579,12300,2327,77,3
536,30,Tamil Nadu,Vellore,38929,1947,32873,32042,31752,2922,14,1173,27750,6653,134,5
537,31,Tamil Nadu,Viluppuram,14685,428,12724,12511,12443,1071,9,453,9740,906,559,9
538,32,Tamil Nadu,Virudhunagar,33672,201,28683,27949,27641,824,7,3957,25783,1043,112,0
539,1,Telangana,Adilabad,19307,8037,11257,11257,10332,0,2,11,11263,0,0,1
540,2,Telangana,Hyderabad,8357,5680,2675,2675,2652,0,2,0,2682,0,0,1
541,3,Telangana,Karimnagar,19082,6574,12486,12486,12145,0,1,21,12491,0,1,6
542,4,Telangana,Khammam,16978,5762,11213,11213,10545,0,3,0,11220,0,3,6
543,5,Telangana,Mahbubnagar,25710,7920,17336,17336,16749,0,4,450,17349,0,1,4
544,6,Telangana,Medak,13450,6021,7428,7428,7118,0,0,1,7434,0,0,12
545,7,Telangana,Medchal,733,142,546,546,532,0,1,44,548,0,2,0
546,8,Telangana,Nagarkurnool,2717,927,1789,1789,1741,0,1,0,1791,0,1,0
547,9,Telangana,Nalgonda,11817,5759,6050,6050,5394,0,8,0,6056,0,2,4
548,10,Telangana,Nirmal,7923,3957,3963,3963,3601,0,0,3,3968,0,0,0
549,11,Telangana,Nizamabad,15613,4492,11105,11105,9630,0,0,16,11108,0,1,3
550,12,Telangana,Rangareddy,8657,4622,4032,4032,3613,0,2,1,4048,0,3,3
551,13,Telangana,Siddipet,6321,1277,5043,5043,4886,0,1,0,5046,0,0,0
552,14,Telangana,Sircilla,7372,2630,4741,4741,4674,0,0,1,4741,0,0,0
553,15,Telangana,Suryapet,7266,1415,5851,5851,5644,0,0,0,5853,0,0,0
554,16,Telangana,Warangal,65227,35530,29684,29684,21452,0,6,7,29710,0,8,12
555,17,Telangana,Yadadri,1249,344,905,905,904,0,0,0,905,0,0,1
556,1,Tripura,Dhalai,1780,141,1373,1277,1266,264,1,1,1251,394,153,1
557,2,Tripura,Gomati,2272,264,1977,1786,1786,25,4,2,1743,486,169,1
558,3,Tripura,Khowai,1845,540,1161,1102,1102,23,0,121,1118,553,101,0
559,4,Tripura,North Tripura,1313,24,973,920,920,306,1,9,840,790,86,0
560,5,Tripura,Sipahijala,3155,313,2634,2540,2534,199,1,8,2254,1842,417,7
561,6,Tripura,South Tripura,2974,686,2059,1974,1968,182,1,46,2078,1008,244,0
562,7,Tripura,Unakoti,1667,160,1377,1375,1375,114,2,14,1406,82,60,0
563,8,Tripura,West Tripura,11510,1299,9475,7939,7936,684,5,47,6855,1847,1190,2
564,1,Uttar Pradesh,Agra,197595,11017,27085,26274,24287,131849,199,27445,25830,19043,1271,214
565,2,Uttar Pradesh,Aligarh,96502,6730,22029,19564,15368,51936,149,15658,18008,6760,629,94
566,3,Uttar Pradesh,Ambedkar Nagar,32876,1396,16931,15923,14835,12094,122,2333,13406,8884,3739,387
567,4,Uttar Pradesh,Amethi,14738,917,6292,6079,5510,6162,44,1323,5551,1225,855,198
568,5,Uttar Pradesh,Amroha,85933,1303,7957,7896,6734,61089,93,15491,7857,854,1014,486
569,6,Uttar Pradesh,Auraiya,42230,828,8116,7568,6353,32477,73,736,6234,3930,1151,181
570,7,Uttar Pradesh,Ayodhya,20188,1001,8178,8112,7738,10222,82,705,6396,4112,1011,117
571,8,Uttar Pradesh,Azamgarh,30208,1481,11344,10820,10307,15117,89,2177,10040,5746,809,142
572,9,Uttar Pradesh,Baghpat,11061,231,3624,3541,3080,6481,25,700,2792,1757,617,14
573,10,Uttar Pradesh,Bahraich,24546,1815,7908,7687,6445,14544,61,218,6999,2961,286,75
574,11,Uttar Pradesh,Ballia,48446,6100,16795,15704,14031,18399,118,7034,12491,3143,743,84
575,12,Uttar Pradesh,Balrampur,14168,87,4480,4473,4143,9193,46,362,4067,548,832,37
576,13,Uttar Pradesh,Banda,32126,567,16298,16158,11814,13423,128,1710,11222,7109,2942,77
577,14,Uttar Pradesh,Bara Banki,35045,1779,15832,14452,13433,16371,80,983,11457,7765,2623,708
578,15,Uttar Pradesh,Bareilly,73765,6982,21102,20995,18660,42293,150,3238,17414,10348,983,118
579,16,Uttar Pradesh,Basti,18797,2080,7778,5972,4840,8449,54,436,3802,1167,1159,64
580,17,Uttar Pradesh,Bhadohi,60924,964,10171,9856,7813,48621,69,1099,6466,4607,2214,193
581,18,Uttar Pradesh,Bijnor,82336,666,9178,9149,7644,65198,68,7226,8598,5057,126,126
582,19,Uttar Pradesh,Budaun,73309,58,27303,27215,21110,39295,233,6420,28396,21893,16,347
583,20,Uttar Pradesh,Bulandshahr,138745,2073,16390,14971,12792,110788,85,9409,12059,7705,1131,115
584,21,Uttar Pradesh,Chandauli,17301,806,6838,6711,6213,9037,29,591,6318,126,223,37
585,22,Uttar Pradesh,Chitrakoot Dham (Karwi),10953,64,5049,5049,2836,5139,14,687,3562,3241,1556,19
586,23,Uttar Pradesh,Deoria,27368,2585,14551,14261,12814,8573,119,1540,11854,9997,2456,161
587,24,Uttar Pradesh,Etah,80890,359,7276,7266,6678,59073,80,14102,6712,1402,471,68
588,25,Uttar Pradesh,Etawah,23303,1345,7458,6504,6270,13514,70,916,6307,5133,125,85
589,26,Uttar Pradesh,Farrukhabad,47313,926,12163,12138,8893,27905,82,6237,10490,8511,434,67
590,27,Uttar Pradesh,Fatehpur,22493,840,13752,13262,11835,6965,54,882,10168,5896,1372,99
591,28,Uttar Pradesh,Firozabad,132200,1142,20529,20334,14930,102419,150,7960,11249,9028,4524,98
592,29,Uttar Pradesh,Gautam Buddha Nagar,11872,187,2589,2518,2130,8894,11,191,2163,1285,253,16
593,30,Uttar Pradesh,Ghaziabad,18539,1511,12224,11975,10867,4371,41,392,11484,5083,498,62
594,31,Uttar Pradesh,Ghazipur,35684,2637,12249,12019,10906,11134,103,9561,11218,4011,780,267
595,32,Uttar Pradesh,Gonda,14523,794,6082,4784,4041,7260,58,329,4648,3365,767,136
596,33,Uttar Pradesh,Gorakhpur,39606,6279,18720,18579,17213,12489,117,2001,16238,11571,1120,196
597,34,Uttar Pradesh,Hamirpur,20847,580,12806,12744,10805,7098,97,266,8442,6896,2022,258
598,35,Uttar Pradesh,Hapur,14075,455,6860,6856,5374,6510,39,211,7458,3298,119,60
599,36,Uttar Pradesh,Hardoi,59842,3632,24709,23870,21197,28178,124,3199,22160,15592,1171,1527
600,37,Uttar Pradesh,Hathras,63326,522,10576,10080,8181,40691,71,11466,9625,3397,665,162
601,38,Uttar Pradesh,Jalaun,44857,207,16688,16014,10358,25780,105,2077,14673,12385,777,135
602,39,Uttar Pradesh,Jaunpur,36573,3582,9581,8242,6626,22428,74,908,6189,3919,802,103
603,40,Uttar Pradesh,Jhansi,38857,724,25975,25046,20319,10107,132,1919,18291,15246,3415,654
604,41,Uttar Pradesh,Kannauj,77292,386,9876,9646,8885,63355,70,3605,10226,9117,716,313
605,42,Uttar Pradesh,Kanpur,47885,2524,17911,17897,11716,21723,64,5663,17243,6159,222,39
606,43,Uttar Pradesh,Kanpur Dehat,36922,696,9149,8852,7228,23870,63,3144,6860,3859,1207,273
607,44,Uttar Pradesh,Kasganj,44623,1695,10888,9899,8553,29592,98,2350,9709,6303,330,297
608,45,Uttar Pradesh,Kaushambi,19337,4120,11738,10163,6752,2701,43,735,7384,3377,2007,109
609,46,Uttar Pradesh,Kheri,35930,1205,15683,15542,14389,16711,119,2212,14400,12023,1361,192
610,47,Uttar Pradesh,Kushinagar,49560,830,23848,23528,21528,21702,124,3056,15320,12063,7007,719
611,48,Uttar Pradesh,Lalitpur,16960,228,9194,9192,7765,6552,67,919,7172,6736,839,28
612,49,Uttar Pradesh,Lucknow,50508,2452,26123,26011,19359,14462,44,7427,25068,5649,494,549
613,50,Uttar Pradesh,Maharajganj,25337,1874,12176,11820,10838,10013,65,1209,11080,5261,1031,451
614,51,Uttar Pradesh,Mahoba,21626,1040,10962,10471,9201,9189,65,370,8588,6769,1532,423
615,52,Uttar Pradesh,Mainpuri,54989,2744,14926,13538,12424,35781,134,1404,10697,5340,448,180
616,53,Uttar Pradesh,Mathura,86195,3846,15637,15238,14001,53912,139,12661,11736,3966,1149,247
617,54,Uttar Pradesh,Mau,28880,2041,18210,15046,13659,7257,114,1258,12817,284,782,83
618,55,Uttar Pradesh,Meerut,48464,3662,22740,22418,18953,20012,81,1969,20298,4151,786,58
619,56,Uttar Pradesh,Mirzapur-cum-Vindhyachal,54599,3852,10646,10074,6694,36814,90,3197,8856,5887,801,62
620,57,Uttar Pradesh,Moradabad,46370,1914,9665,9615,8736,30734,152,3905,9420,3779,176,152
621,58,Uttar Pradesh,Muzaffarnagar,19119,1884,7924,7892,7081,8786,56,469,7642,1285,79,49
622,59,Uttar Pradesh,Pilibhit,20377,1215,11767,11598,7001,7170,68,157,7298,232,903,48
623,60,Uttar Pradesh,Pratapgarh,32980,6205,13026,10621,9353,13278,82,389,9745,1583,562,59
624,61,Uttar Pradesh,Prayagraj,66709,812,21362,20806,17148,34144,98,10293,19277,11277,355,226
625,62,Uttar Pradesh,Rae Bareli,15289,233,9521,9451,7529,4075,26,1434,7526,4168,798,15
626,63,Uttar Pradesh,Rampur,34225,18,7398,7125,6270,25627,106,1076,6379,2260,442,91
627,64,Uttar Pradesh,Saharanpur,16881,906,10579,10564,10375,4091,118,1187,10417,4543,266,56
628,65,Uttar Pradesh,Sambhal,46330,1425,8494,8444,6777,35193,74,1144,7586,961,286,67
629,66,Uttar Pradesh,Sant Kabir Nagar,25940,823,7346,7019,6516,16671,35,1065,6156,2046,557,33
630,67,Uttar Pradesh,Shahjahanpur,29710,1877,16332,14885,12674,9125,114,2262,13133,9866,1837,187
631,68,Uttar Pradesh,Shamli,14937,1140,7461,7223,6699,5994,52,290,6496,384,432,128
632,69,Uttar Pradesh,Siddharthnagar,17866,683,9458,9444,4944,6810,45,870,8383,1601,1088,110
633,70,Uttar Pradesh,Sitapur,37173,2920,18907,17898,12166,12017,115,3214,13424,6930,2664,235
634,71,Uttar Pradesh,Sonbhadra,31473,2379,5947,5830,4589,19583,39,3525,4342,2079,939,102
635,72,Uttar Pradesh,Srawasti,4370,906,2505,1655,713,835,21,103,1071,107,365,19
636,73,Uttar Pradesh,Sultanpur,5900,131,3415,3180,2762,2178,32,144,2670,2215,339,129
637,74,Uttar Pradesh,Unnao,39227,3249,20004,19280,14040,13620,89,2265,17543,8413,854,60
638,75,Uttar Pradesh,Varanasi,24757,916,11571,11568,4037,11701,55,514,10526,9289,420,55
639,1,Uttarakhand,Almora,554,53,429,421,250,28,4,40,337,10,2,6
640,2,Uttarakhand,Bageshwar,1032,31,643,643,288,334,0,24,652,228,0,3
641,3,Uttarakhand,Chamoli Gopeshwar,2356,260,2003,1678,1038,49,4,40,1177,431,21,1
642,4,Uttarakhand,Champawat,682,175,498,493,372,7,1,1,138,0,2,0
643,5,Uttarakhand,Dehradun,2945,80,1998,1989,420,858,4,5,963,83,18,9
644,6,Uttarakhand,Garhwal,824,229,443,427,415,135,0,17,307,106,29,4
645,7,Uttarakhand,Hardwar,5126,505,3715,3296,1772,846,4,56,1811,606,79,1865
646,8,Uttarakhand,Nainital,3125,979,2016,1529,286,93,0,37,1210,0,112,3
647,9,Uttarakhand,Pithoragarh,1823,384,1129,1056,713,148,7,155,498,218,27,1
648,10,Uttarakhand,Rudraprayag,170,6,157,138,124,6,0,1,116,77,9,1
649,11,Uttarakhand,Tehri,432,11,351,351,338,61,1,8,287,193,3,104
650,12,Uttarakhand,Udhamsingh Nagar,5287,838,3776,2716,1944,654,11,8,1291,228,596,105
651,13,Uttarakhand,Uttarkashi,1041,87,941,882,732,11,0,2,724,58,59,8
652,1,West Bengal,Bankura,5143,37,4994,4924,4923,93,7,12,4730,2532,10,2
653,2,West Bengal,Barddhaman,24256,10211,12221,11493,11178,1546,9,269,16133,2122,37,4
654,3,West Bengal,Birbhum,21377,848,10911,10692,10241,2042,33,7543,9252,3843,41,131
655,4,West Bengal,Dakshin Dinajpur,4980,2778,1189,980,967,305,11,697,453,57,2,0
656,5,West Bengal,Darjeeling,1654,1274,346,312,312,29,3,2,160,25,2,3
657,6,West Bengal,Haora,2875,1395,1411,1411,1408,0,3,66,2218,1404,84,2
658,7,West Bengal,Hugli-Chinsurah,9888,841,8888,8861,6162,56,7,96,9548,3652,5,2
659,8,West Bengal,Jalpaiguri,4224,253,3951,2172,2172,4,7,9,1164,466,1,5
660,9,West Bengal,Koch Bihar,4759,567,4107,3531,3520,31,3,51,4209,1308,0,5
661,10,West Bengal,Kolkata,62,53,0,0,0,0,3,6,3,0,4,4
662,11,West Bengal,Malda,8603,5501,921,917,904,0,15,2166,1564,279,2,32
663,12,West Bengal,Murshidabad,23642,3347,17127,14782,14625,1483,20,1665,14874,4423,308,15
664,13,West Bengal,Nadia,10820,3112,7217,6818,1394,51,5,435,10120,1960,7,2
665,14,West Bengal,North 24 Paraganas,58646,13606,28620,27092,10777,3039,26,13355,22250,14216,51,7
666,15,West Bengal,Paschim Medinipur,8095,1411,6423,4939,4893,92,11,158,5265,101,8,13
667,16,West Bengal,Purba Medinipur,10012,4014,5428,4629,3190,60,9,501,5788,2955,9,10
668,17,West Bengal,Puruliya,3363,2238,1096,637,637,4,2,23,211,0,1,1
669,18,West Bengal,South 24 Paragnas,28975,11676,7420,6864,6437,528,22,9329,7937,5023,16,6
670,19,West Bengal,Uttar Dinajpur,49829,45689,2801,2317,2262,1016,120,203,4024,116,112,85
